time, lapCount, lapTime, wRPM, speed, distance, motorVoltage, motorCurrent, batteryVoltage, batteryCurrent, accelerator
1,0,0,-8.57,0,0,-0.66,0.3,30.47,0.39,515
2,0,0,0,0,0,-0.66,0.3,30.31,0.39,247
3,0,0,0,0,0,-0.66,0.3,30.47,0.39,513
4,0,0,0,0,0,-0.66,0.2,30.47,0.39,514
5,0,0,0,0,0,-0.66,0.3,30.16,0.39,444
6,0,0,0,0,0,-0.66,0.2,30.31,0.3,605
7,0,0,0,0,0,-0.5,0.3,30.31,0.49,616
8,0,0,0,0,0,-0.5,0.2,30.31,0.39,442
9,0,0,0,0,0,-0.5,0.3,30.31,0.49,1023
10,0,0,0,0,0,-0.34,0.3,30.31,0.39,624
11,0,0,0,0,0,-0.5,0.3,30.47,0.39,638
12,0,0,0,0,0,-0.34,0.3,30.47,0.3,575
13,0,0,0,0,0,-0.34,0.2,30.31,0.3,602
14,0,0,0,0,0,-0.34,0.3,30.47,0.49,1023
15,0,0,0,0,0,-0.34,0.2,30.47,0.3,601
16,0,0,0,0,0,-0.34,0.2,30.47,0.39,249
17,0,0,0,0,0,-0.34,0.2,30.16,0.39,248
18,0,0,0,0,0,-0.5,0.2,30.16,0.3,443
19,0,0,0,0,0,-0.34,0.3,30.31,0.3,1023
20,0,0,0,0,0,-0.34,0.3,30.31,0.39,605
time, lapCount, lapTime, wRPM, speed, distance, motorVoltage, motorCurrent, batteryVoltage, batteryCurrent, accelerator
0,0,0,-8.57,0,0,-0.82,0.2,30.31,0.3,515
1,1,0,0,0,0,-0.66,0.2,30.16,0.3,247
2,1,0,0,0,0,-0.66,0.3,30.16,0.49,514
3,1,0,0,0,0,-0.5,0.2,30.31,0.39,443
4,1,0,0,0,0,-0.18,0.3,30.31,0.39,1023
5,1,0,0,0,0,-0.34,0.2,30.47,0.39,594
6,1,0,0,0,0,-0.5,0.3,30.31,0.39,601
7,1,0,0,0,0,-0.5,0.2,30.16,0.39,248
8,1,0,0,0,0,-0.34,0.2,30.31,0.39,443
9,1,0,0,0,0,-0.34,0.3,30.31,0.39,1023
10,1,0,0,0,0,-0.34,0.2,30.16,0.39,588
11,1,0,0,0,0,-0.34,0.2,30,0.39,593
12,1,0,0,0,0,-0.34,0.2,30.16,0.39,597
13,1,0,0,0,0,-0.34,0.3,30.31,0.39,522
14,1,0,0,0,0,-0.34,0.2,30.16,0.39,591
15,1,0,0,0,0,-0.34,0.3,30.31,0.3,581
16,1,0,0,0,0,-0.34,0.2,30.31,0.49,524
17,1,0,0,0,0,-0.18,0.3,30.47,0.39,592
18,1,0,0,0,0,-0.34,0.2,30.31,0.39,590
19,2,18,8.57,0.74,0,-0.34,0.3,30.31,0.39,544
20,2,18,0,0,0,-0.18,0.3,30.16,0.3,515
21,2,18,0,0,0,-0.18,0.3,30.31,0.39,249
22,2,18,0,0,0,-0.18,0.3,30.16,0.39,250
23,2,18,0,0,0,-0.34,0.3,30.31,0.39,1023
24,2,18,17.14,1.58,0,2.66,0.49,30.16,0.69,573
25,2,18,60,5.56,2,8.03,0.49,30.16,1.08,578
26,2,18,120,11.13,5,13.41,3.03,30,1.27,563
27,2,18,137.14,12.71,8,6.45,0.2,30.16,0.39,291
29,2,18,94.29,8.72,11,0.29,0.3,30.31,0.39,252
30,2,18,60,5.56,12,-0.18,0.2,30.16,0.39,597
31,2,18,17.14,1.58,13,0.45,0.78,30.47,0.49,520
32,2,18,25.71,2.32,13,5.19,0.49,30.16,0.78,538
33,2,18,85.71,7.88,16,10.72,2.93,30,1.17,570
34,2,18,154.29,14.28,20,15.62,2.25,30,1.47,1023
35,2,18,171.43,15.86,24,9.77,0.3,30.31,0.39,558
time, lapCount, lapTime, wRPM, speed, distance, motorVoltage, motorCurrent, batteryVoltage, batteryCurrent, accelerator
0,0,0,-8.57,0,0,-0.82,0.3,30.31,0.39,515
1,0,0,0,0,0,-0.5,0.3,30.16,0.39,247
2,0,0,0,0,0,-0.34,0.2,30.16,0.39,514
3,0,0,0,0,0,-0.5,0.2,30.31,0.49,443
4,0,0,0,0,0,-0.5,0.2,30.47,0.39,1023
5,0,0,0,0,0,-0.5,0.3,30.47,0.3,604
6,0,0,0,0,0,-0.34,0.3,30.16,0.3,600
7,0,0,0,0,0,-0.34,0.3,30,0.39,443
8,0,0,0,0,0,-0.34,0.2,30.16,0.39,1023
9,0,0,0,0,0,-0.34,0.2,30.31,0.39,586
10,0,0,0,0,0,-0.18,0.3,30.31,0.39,1023
11,0,0,0,0,0,-0.18,0.3,30.16,0.49,583
12,0,0,0,0,0,-0.34,0.3,30.16,0.3,513
time, lapCount, lapTime, wRPM, speed, distance, motorVoltage, motorCurrent, batteryVoltage, batteryCurrent, accelerator
0,0,0,-8.57,0,0,-0.34,0.2,30.63,0.39,515
1,0,0,0,0,0,-0.34,0.2,30.31,0.49,249
2,0,0,0,0,0,-0.34,0.3,30.31,0.39,249
3,0,0,0,0,0,-0.34,0.3,30.16,0.39,249
4,0,0,0,0,0,-0.34,0.3,30.31,0.39,249
5,0,0,0,0,0,-0.34,0.2,30.47,0.39,249
6,0,0,0,0,0,-0.34,0.3,30.31,0.49,249
7,0,0,0,0,0,-0.34,0.2,30.16,0.39,249
8,0,0,0,0,0,-0.34,0.3,30.16,0.3,250
9,0,0,0,0,0,-0.34,0.3,30.31,0.39,1023
10,0,0,0,0,0,-0.34,0.3,30.16,0.39,575
11,0,0,0,0,0,-0.5,0.3,30.16,0.39,572
12,0,0,0,0,0,-0.18,0.2,30.16,0.39,592
13,0,0,0,0,0,-0.34,0.3,30,0.39,589
14,0,0,0,0,0,-0.34,0.2,30.16,0.39,569
15,0,0,0,0,0,-0.34,0.3,29.84,0.39,249
16,0,0,0,0,0,-0.18,0.2,30,0.39,250
17,0,0,0,0,0,-0.18,0.2,30.31,0.39,1023
18,0,0,0,0,0,-0.18,0.3,30.31,0.49,584
19,0,0,0,0,0,-0.34,0.3,30.31,0.39,442
20,0,0,0,0,0,-0.34,0.3,30.31,0.39,1023
21,0,0,0,0,0,-0.34,0.3,30.16,0.3,584
22,0,0,0,0,0,-0.34,0.3,30.16,0.39,444
23,0,0,0,0,0,-0.34,0.3,30.16,0.39,597
24,0,0,0,0,0,-0.34,0.3,30.16,0.49,537
25,0,0,0,0,0,-0.34,0.3,30.31,0.39,587
26,0,0,0,0,0,-0.18,0.3,30.16,0.39,1023
27,0,0,0,0,0,-0.34,0.3,30.16,0.49,588
28,0,0,0,0,0,-0.34,0.2,30.16,0.39,596
29,0,0,0,0,0,-0.34,0.3,30.16,0.39,583
30,0,0,0,0,0,-0.34,0.3,30.16,0.39,514
31,0,0,0,0,0,-0.5,0.3,29.84,0.39,443
32,0,0,0,0,0,-0.34,0.3,30.16,0.49,1023
33,0,0,0,0,0,-0.34,0.3,30.16,0.39,590
34,0,0,0,0,0,-0.34,0.3,30.31,0.39,558
35,0,0,0,0,0,-0.18,0.3,30.31,0.39,578
36,0,0,0,0,0,-0.34,0.3,30.31,0.39,592
37,0,0,0,0,0,-0.34,0.2,30.16,0.3,594
38,0,0,0,0,0,-0.34,0.3,30.16,0.39,588
39,0,0,0,0,0,-0.18,0.2,30.31,0.39,595
40,0,0,0,0,0,-0.34,0.3,30.16,0.49,545
41,0,0,0,0,0,-0.34,0.3,30,0.39,514
42,0,0,0,0,0,-0.34,0.39,30.16,0.39,444
43,0,0,0,0,0,-0.34,0.2,30.16,0.39,594
44,0,0,0,0,0,-0.34,0.2,30.31,0.49,589
45,0,0,0,0,0,-0.34,0.3,30.16,0.49,572
46,0,0,0,0,0,-0.34,0.3,30.31,0.49,592
47,0,0,0,0,0,-0.18,0.3,30.31,0.49,593
48,0,0,0,0,0,-0.34,0.3,30.31,0.39,588
49,0,0,0,0,0,-0.34,0.3,30.31,0.39,590
50,0,0,0,0,0,-0.34,0.3,30.16,0.3,557
51,0,0,0,0,0,-0.34,0.2,30,0.39,543
52,0,0,0,0,0,-0.34,0.3,30.16,0.39,539
53,0,0,0,0,0,-0.34,0.3,30.31,0.39,585
54,0,0,0,0,0,-0.34,0.3,30.31,0.39,250
55,0,0,0,0,0,-0.18,0.2,30.31,0.39,1023
56,0,0,0,0,0,-0.34,0.3,30.31,0.39,583
57,0,0,0,0,0,-0.18,0.3,30.31,0.39,513
58,0,0,0,0,0,-0.34,0.3,30.16,0.39,514
59,0,0,0,0,0,-0.34,0.3,30.31,0.39,444
60,0,0,0,0,0,-0.18,0.3,30.31,0.39,592
61,0,0,0,0,0,-0.18,0.3,30.16,0.39,588
62,0,0,0,0,0,-0.18,0.3,30.31,0.39,588
63,0,0,0,0,0,-0.18,0.3,30.31,0.39,583
64,0,0,0,0,0,-0.18,0.2,30.16,0.39,514
65,0,0,0,0,0,-0.34,0.3,30.16,0.49,442
66,0,0,0,0,0,-0.18,0.3,30.31,0.39,1023
67,0,0,0,0,0,-0.18,0.2,30.16,0.39,581
68,0,0,0,0,0,-0.34,0.3,30.16,0.39,537
69,0,0,0,0,0,-0.34,0.3,30.31,0.39,578
70,0,0,0,0,0,-0.34,0.3,30.31,0.39,576
71,0,0,0,0,0,-0.34,0.3,30.31,0.39,585
72,0,0,0,0,0,-0.34,0.3,30,0.49,249
73,0,0,0,0,0,-0.18,0.3,30.16,0.49,249
74,0,0,0,0,0,-0.18,0.3,30.16,0.49,250
75,0,0,0,0,0,-0.18,0.3,30.31,0.49,1023
76,0,0,0,0,0,-0.18,0.3,30.16,0.49,584
77,0,0,0,0,0,-0.18,0.2,30.31,0.39,443
78,0,0,0,0,0,-0.18,0.3,30.31,0.39,1023
79,0,0,0,0,0,-0.18,0.3,30.16,0.39,585
80,0,0,0,0,0,-0.18,0.3,30.31,0.39,250
81,0,0,0,0,0,-0.18,0.3,30.16,0.39,1023
82,0,0,0,0,0,-0.03,0.3,30.16,0.39,585
83,0,0,0,0,0,-0.18,0.3,30.16,0.49,250
84,0,0,0,0,0,-0.18,0.3,30.16,0.39,1023
85,0,0,0,0,0,-0.03,0.3,30.31,0.39,586
86,0,0,0,0,0,-0.18,0.3,30.31,0.39,1023
87,0,0,0,0,0,-0.03,0.2,30.31,0.49,585
88,0,0,0,0,0,-0.18,0.2,30,0.39,251
89,0,0,0,0,0,-0.03,0.2,30.16,0.49,1023
90,0,0,0,0,0,-0.18,0.2,30.16,0.39,586
91,0,0,0,0,0,-0.03,0.3,30.16,0.39,1023
92,0,0,0,0,0,-0.03,0.3,30.31,0.49,585
93,0,0,0,0,0,-0.03,0.2,30.31,0.39,251
94,0,0,0,0,0,-0.03,0.3,30,0.39,1023
95,0,0,0,0,0,-0.03,0.3,30.31,0.49,586
96,0,0,0,0,0,-0.03,0.3,30.31,0.39,1023
97,0,0,0,0,0,-0.03,0.3,30,0.39,584
98,0,0,0,0,0,-0.03,0.3,30.31,0.39,443
99,0,0,0,0,0,-0.03,0.3,30.16,0.39,1023
100,0,0,0,0,0,-0.18,0.3,30.16,0.49,587
101,0,0,0,0,0,-0.03,0.3,30,0.49,1023
102,0,0,0,0,0,-0.03,0.3,30.31,0.39,586
103,0,0,0,0,0,-0.03,0.3,30.31,0.39,1023
104,0,0,0,0,0,-0.18,0.3,30.31,0.49,587
105,0,0,0,0,0,-0.03,0.3,30.16,0.3,1023
106,0,0,0,0,0,-0.18,0.39,30.16,0.39,586
107,0,0,0,0,0,-0.03,0.3,30.16,0.49,1023
108,0,0,0,0,0,-0.03,0.3,30.31,0.39,586
109,0,0,0,0,0,0.13,0.2,30.31,0.39,1023
110,0,0,0,0,0,-0.03,0.3,30.16,0.49,587
111,0,0,0,0,0,-0.03,0.2,30.16,0.39,1023
112,0,0,0,0,0,-0.03,0.39,30.31,0.39,587
113,0,0,0,0,0,-0.03,0.3,30,0.49,1023
114,0,0,0,0,0,-0.03,0.3,30.16,0.39,589
115,0,0,0,0,0,-0.03,0.2,30.16,0.39,577
116,0,0,0,0,0,-0.03,0.3,30,0.49,584
117,0,0,0,0,0,-0.03,0.3,30,0.39,443
118,0,0,0,0,0,-0.03,0.3,30.31,0.39,1023
119,0,0,0,0,0,-0.03,0.3,30.31,0.3,590
120,0,0,0,0,0,-0.18,0.3,30.31,0.39,563
121,0,0,0,0,0,-0.03,0.3,30.31,0.49,251
122,0,0,0,0,0,-0.18,0.3,30.16,0.39,1023
123,0,0,0,0,0,-0.03,0.3,30.31,0.39,591
124,0,0,0,0,0,-0.03,0.3,30.16,0.39,588
125,0,0,0,0,0,-0.03,0.2,30.31,0.3,591
126,0,0,0,0,0,0.13,0.3,30.31,0.39,590
127,0,0,0,0,0,-0.03,0.3,30.31,0.39,564
128,0,0,0,0,0,0.13,0.3,30.16,0.39,1023
129,0,0,0,0,0,-0.18,0.3,30.16,0.49,592
130,0,0,0,0,0,-0.03,0.3,30.16,0.49,595
131,0,0,0,0,0,-0.03,0.3,30.16,0.49,552
132,0,0,0,0,0,0.13,0.3,30.31,0.39,564
133,0,0,0,0,0,-0.03,0.39,30.16,0.49,1023
134,0,0,0,0,0,-0.03,0.3,30.16,0.39,591
135,0,0,0,0,0,-0.03,0.3,30.16,0.39,589
136,0,0,0,0,0,-0.03,0.3,30.31,0.39,579
137,0,0,0,0,0,0.13,0.3,30.31,0.49,552
138,0,0,17.14,1.58,0,3.61,0.49,30.31,0.78,551
139,0,0,68.57,6.31,2,9.3,0.59,30.16,1.17,539
140,0,0,137.14,12.71,5,14.51,0.39,30,1.37,499
142,0,0,188.57,17.44,10,18.46,2.35,30,1.47,462
143,0,0,214.29,19.85,16,12.77,0.3,30.31,0.49,510
144,0,0,162.86,15.02,20,4.56,0.3,30.16,0.3,549
145,0,0,128.57,11.87,23,0.13,0.3,30.16,0.49,1023
146,0,0,85.71,7.88,25,0.13,0.3,30.16,0.39,601
147,0,0,42.86,3.9,26,0.13,0.3,29.84,0.39,252
148,0,0,25.71,2.32,27,0.13,0.3,30,0.39,598
149,0,0,0,0,27,0.13,0.3,30.47,0.49,515
150,0,0,0,0,27,0.13,0.3,30.16,0.49,252
151,0,0,0,0,27,0.29,0.3,30.16,0.39,593
152,0,0,0,0,27,0.13,0.3,30,0.49,596
153,0,0,0,0,27,0.13,0.3,30.16,0.39,581
154,0,0,0,0,27,0.29,0.3,30,0.49,562
155,0,0,0,0,27,0.29,0.3,30.16,0.39,443
156,0,0,0,0,27,0.29,0.3,30.16,0.39,1023
157,0,0,0,0,27,0.29,0.3,30.16,0.49,607
158,0,0,0,0,27,0.13,0.3,30.16,0.39,603
159,0,0,0,0,27,0.29,0.3,30.16,0.39,1023
160,0,0,0,0,27,0.29,0.3,30,0.49,602
161,0,0,0,0,27,0.29,0.39,30.16,0.49,1023
162,0,0,8.57,0.74,27,3.29,0.59,30.16,0.78,585
163,0,0,68.57,6.31,29,8.82,1.08,30,1.17,306
164,0,0,111.43,10.29,32,7.87,0.3,30.16,0.39,442
165,0,0,102.86,9.46,35,1.4,0.3,30.16,0.39,1023
166,0,0,51.43,4.73,36,0.29,0.3,30.31,0.39,606
time, lapCount, lapTime, wRPM, speed, distance, motorVoltage, motorCurrent, batteryVoltage, batteryCurrent, accelerator
1,0,0,-8.57,0,0,0.29,0.3,30.16,0.39,516
2,0,0,0,0,0,0.29,0.3,30.31,0.49,1023
3,0,0,0,0,0,0.29,0.3,30.16,0.49,610
4,0,0,0,0,0,0.29,0.3,30.31,0.39,576
5,0,0,0,0,0,0.45,0.3,29.68,0.39,611
6,0,0,0,0,0,0.29,0.3,30.16,0.3,558
7,0,0,0,0,0,0.29,0.3,30.16,0.39,570
8,0,0,0,0,0,0.29,0.2,30.31,0.39,1023
9,0,0,0,0,0,0.29,0.3,30.16,0.3,615
10,0,0,0,0,0,0.29,0.3,30.16,0.39,513
11,0,0,0,0,0,0.45,0.3,30.16,0.39,514
12,0,0,0,0,0,0.45,0.3,30.31,0.39,442
13,0,0,0,0,0,0.29,0.3,30.31,0.39,1023
14,0,0,0,0,0,0.29,0.3,30.16,0.39,619
15,0,0,0,0,0,0.45,0.3,30.47,0.49,1023
16,0,0,0,0,0,0.45,0.3,30.31,0.39,620
17,0,0,0,0,0,0.45,0.3,30.16,0.49,590
18,0,0,0,0,0,0.45,0.3,30.16,0.49,578
19,0,0,0,0,0,0.45,0.3,30.16,0.49,576
20,0,0,0,0,0,0.45,0.3,30,0.49,608
21,0,0,0,0,0,0.45,0.3,30.16,0.49,603
22,0,0,0,0,0,0.45,0.3,30.16,0.49,1023
23,0,0,0,0,0,0.45,0.3,30.16,0.49,724
24,0,0,0,0,0,0.45,0.3,30.16,0.39,573
time, lapCount, lapTime, wRPM, speed, distance, motorVoltage, motorCurrent, batteryVoltage, batteryCurrent, accelerator
0,0,0,-8.57,0,0,0.29,0.3,30.16,0.39,515
1,0,0,0,0,0,0.29,0.3,30.16,0.39,254
2,0,0,0,0,0,0.45,0.3,30.31,0.39,599
3,0,0,0,0,0,0.45,0.3,30.31,0.39,513
4,0,0,0,0,0,0.45,0.3,30.16,0.39,514
5,0,0,0,0,0,0.45,0.3,30.16,0.3,441
6,0,0,0,0,0,0.61,0.2,30.16,0.3,254
7,0,0,0,0,0,0.45,0.3,30.16,0.39,588
8,0,0,0,0,0,0.45,0.3,30.16,0.39,586
9,0,0,0,0,0,0.45,0.2,30.16,0.39,1023
10,0,0,0,0,0,0.61,0.3,30.31,0.49,781
11,0,0,0,0,0,0.45,0.3,30.16,0.39,557
12,0,0,0,0,0,0.45,0.3,30.16,0.39,558
13,0,0,0,0,0,0.45,0.2,30.31,0.39,568
14,0,0,0,0,0,0.61,0.3,30.31,0.49,442
15,0,0,0,0,0,0.45,0.3,30.47,0.39,1023
16,0,0,0,0,0,0.61,0.2,30,0.39,782
17,0,0,0,0,0,0.61,0.3,30.16,0.39,570
18,0,0,0,0,0,0.61,0.3,30.16,0.49,1023
19,0,0,0,0,0,0.61,0.3,30.16,0.49,780
20,0,0,0,0,0,0.45,0.3,30.31,0.39,574
21,0,0,0,0,0,0.45,0.3,30.16,0.39,578
22,0,0,0,0,0,0.45,0.3,30.31,0.39,573
23,0,0,0,0,0,0.45,0.3,30.16,0.49,577
24,0,0,0,0,0,0.45,0.39,30.16,0.39,585
25,0,0,0,0,0,0.61,0.3,30.31,0.39,254
26,0,0,0,0,0,0.45,0.3,30.16,0.39,581
27,0,0,0,0,0,0.45,0.3,30.47,0.39,555
28,0,0,0,0,0,0.61,0.3,30,0.39,582
29,0,0,0,0,0,0.45,0.3,30.31,0.49,516
30,0,0,0,0,0,0.45,0.3,30.16,0.49,1023
31,0,0,0,0,0,0.61,0.3,30.16,0.49,781
32,0,0,0,0,0,0.61,0.3,30.31,0.39,567
33,0,0,0,0,0,0.61,0.3,30.16,0.39,514
34,0,0,0,0,0,0.61,0.3,30,0.49,442
35,0,0,0,0,0,0.45,0.3,30.31,0.39,1023
36,0,0,0,0,0,0.45,0.3,30.16,0.39,780
37,0,0,0,0,0,0.45,0.3,30,0.39,570
38,0,0,0,0,0,0.61,0.3,30.16,0.39,1023
39,0,0,0,0,0,0.61,0.3,30.16,0.3,779
40,0,0,0,0,0,0.61,0.3,30.16,0.39,578
41,0,0,0,0,0,0.61,0.3,30.31,0.39,567
42,0,0,0,0,0,0.61,0.2,30,0.49,514
43,0,0,0,0,0,0.61,0.3,30.31,0.39,442
44,0,0,0,0,0,0.76,0.3,30.31,0.49,1023
45,0,0,0,0,0,0.61,0.3,30.16,0.39,779
46,0,0,0,0,0,0.61,0.3,30.16,0.39,578
47,0,0,0,0,0,0.61,0.3,30.31,0.39,566
48,0,0,0,0,0,0.61,0.3,29.84,0.39,517
49,0,0,0,0,0,0.61,0.2,30.16,0.39,1023
50,0,0,0,0,0,0.61,0.3,30.31,0.39,779
51,0,0,0,0,0,0.61,0.3,30.16,0.39,579
52,0,0,0,0,0,0.61,0.3,30,0.39,576
53,0,0,0,0,0,0.61,0.3,30,0.49,617
54,0,0,0,0,0,0.61,0.3,30.16,0.39,255
55,0,0,0,0,0,0.61,0.3,30.31,0.49,778
56,0,0,0,0,0,0.45,0.3,30,0.39,616
57,0,0,0,0,0,0.61,0.3,30.16,0.49,443
58,0,0,0,0,0,0.61,0.3,30.16,0.39,1023
59,0,0,0,0,0,0.61,0.3,30.16,0.39,779
60,0,0,0,0,0,0.61,0.3,30.16,0.49,577
61,0,0,0,0,0,0.61,0.3,30.31,0.39,574
62,0,0,0,0,0,0.61,0.3,30.16,0.49,574
63,0,0,0,0,0,0.61,0.2,30,0.39,572
64,0,0,0,0,0,0.61,0.3,29.84,0.39,574
65,0,0,0,0,0,0.61,0.3,30.16,0.39,575
66,0,0,0,0,0,0.61,0.3,30.16,0.39,776
67,0,0,0,0,0,0.61,0.3,30.16,0.39,573
68,0,0,0,0,0,0.76,0.3,30.16,0.49,569
69,0,0,0,0,0,0.61,0.3,30.31,0.39,256
70,0,0,0,0,0,0.61,0.3,30.31,0.39,515
71,0,0,0,0,0,0.76,0.2,30.16,0.39,255
72,0,0,0,0,0,0.61,0.3,30,0.39,778
73,0,0,0,0,0,0.61,0.3,30.31,0.39,615
74,0,0,0,0,0,0.76,0.3,30.16,0.49,514
75,0,0,0,0,0,0.61,0.2,30.16,0.39,442
76,0,0,0,0,0,0.61,0.3,30.16,0.49,1023
77,0,0,0,0,0,0.61,0.3,30.16,0.39,778
78,0,0,0,0,0,0.61,0.3,30.16,0.39,615
time, lapCount, lapTime, wRPM, speed, distance, motorVoltage, motorCurrent, batteryVoltage, batteryCurrent, accelerator
1,0,0,-8.57,0,0,0.61,0.3,30,0.39,515
2,0,0,0,0,0,0.61,0.3,30,0.39,255
3,0,0,8.57,0.74,0,0.61,0.3,30.16,0.39,556
4,0,0,17.14,1.58,0,0.61,0.2,29.68,0.39,514
5,0,0,51.43,4.73,1,4.87,0.59,30.16,0.69,441
6,0,0,60,5.56,3,6.77,1.96,30.16,1.17,294
7,0,0,68.57,6.31,5,8.03,3.32,29.84,1.96,545
8,0,0,102.86,9.46,7,10.09,5.86,29.84,2.44,554
9,0,0,111.43,10.29,10,10.88,0.49,29.84,2.15,486
10,0,0,120,11.13,13,11.98,1.96,29.84,2.15,534
11,0,0,137.14,12.71,17,12.93,4.59,29.84,1.96,529
12,0,0,145.71,13.45,21,15.46,2.25,29.84,1.76,521
13,0,0,162.86,15.02,25,8.19,0.2,30,0.3,502
14,0,0,162.86,15.02,29,2.03,0.2,30.16,0.39,515
15,0,0,180,16.69,34,0.61,0.2,30,0.39,256
16,0,0,180,16.69,38,0.45,0.3,30.16,0.3,515
17,0,0,171.43,15.86,43,0.61,0.3,30.16,0.39,255
18,0,0,171.43,15.86,47,0.61,0.2,30.16,0.3,580
19,0,0,128.57,11.87,51,0.61,0.2,30.16,0.39,528
20,0,0,120,11.13,54,0.61,0.3,30.16,0.39,514
21,0,0,85.71,7.88,56,0.61,0.2,30,0.39,442
22,0,0,60,5.56,57,0.76,0.2,30,0.39,1023
23,0,0,34.29,3.15,58,0.61,0.2,30.16,0.3,582
24,0,0,17.14,1.58,59,0.61,0.2,30.16,0.39,515
25,0,0,0,0,59,0.61,0.2,30.16,0.39,255
26,0,0,0,0,59,0.61,0.3,30.16,0.3,581
27,0,0,0,0,59,0.61,0.3,30.16,0.39,526
28,0,0,0,0,59,0.76,0.3,30.16,0.39,532
29,0,0,0,0,59,0.61,0.2,30.16,0.3,1023
30,0,0,0,0,59,0.61,0.2,30.16,0.39,580
31,0,0,0,0,59,0.61,0.2,30,0.39,532
32,0,0,0,0,59,0.76,0.2,30.16,0.3,1023
33,0,0,0,0,59,0.61,0.3,30,0.39,578
34,0,0,0,0,59,0.76,0.2,30.16,0.2,539
35,0,0,0,0,59,0.76,0.2,30,0.39,539
36,0,0,0,0,59,0.76,0.2,30.16,0.39,537
37,0,0,0,0,59,0.76,0.3,30.16,0.3,575
38,0,0,0,0,59,0.61,0.3,30,0.39,571
39,0,0,0,0,59,0.61,0.3,30.16,0.39,1023
40,0,0,0,0,59,0.76,0.2,30,0.3,572
41,0,0,0,0,59,0.76,0.3,30.16,0.39,563
42,0,0,0,0,59,0.61,0.2,30.16,0.39,255
43,0,0,8.57,0.74,59,0.76,0.2,30.16,0.39,572
44,0,0,0,0,59,1.4,0.98,30.16,0.49,559
45,0,0,8.57,0.74,59,3.29,8.99,29.84,1.76,512
46,0,0,25.71,2.32,60,5.35,12.4,29.68,3.32,553
47,0,0,42.86,3.9,61,7.56,15.63,29.37,6.25,544
48,0,0,60,5.56,62,9.77,17.48,29.05,8.21,598
49,0,0,77.14,7.14,64,11.67,16.99,28.73,11.23,625
50,0,0,120,11.13,68,13.72,20.8,28.42,13.38,494
51,0,0,128.57,11.87,71,14.51,13.28,28.89,9.87,518
52,0,0,145.71,13.45,75,11.98,0.3,30,0.39,515
53,0,0,162.86,15.02,79,5.5,0.3,30,0.39,285
54,0,0,162.86,15.02,83,0.61,0.3,30.16,0.39,547
55,0,0,154.29,14.28,87,0.76,0.2,30.16,0.39,255
56,0,0,171.43,15.86,91,0.61,0.2,30.16,0.39,584
57,0,0,171.43,15.86,96,0.61,0.2,30,0.39,442
58,0,0,171.43,15.86,100,0.76,0.2,30.16,0.39,1023
59,0,0,171.43,15.86,105,0.61,0.3,30,0.39,578
60,0,0,180,16.69,109,0.76,0.3,30.16,0.39,528
61,0,0,180,16.69,114,0.61,0.3,30,0.39,515
62,0,0,180,16.69,119,0.61,0.2,30,0.39,255
63,0,0,188.57,17.44,123,0.61,0.3,30,0.39,579
64,0,0,197.14,18.27,128,0.76,0.3,30,0.3,539
65,0,0,188.57,17.44,133,0.76,0.3,30,0.39,529
66,0,0,205.71,19.01,139,3.77,0.78,30.16,0.59,514
67,0,0,188.57,17.44,143,11.35,0.88,30,0.88,442
68,0,0,188.57,17.44,148,8.82,0.3,30,0.39,1023
69,0,0,171.43,15.86,153,2.66,0.3,30,0.39,536
70,0,0,171.43,15.86,157,0.61,0.49,29.84,0.39,533
71,0,0,162.86,15.02,161,3.77,0.2,30,0.39,1023
72,0,0,162.86,15.02,166,0.76,0.3,30,0.39,561
73,0,0,162.86,15.02,170,0.61,0.3,30,0.39,514
74,0,0,154.29,14.28,174,0.61,0.3,30,0.39,441
75,0,0,162.86,15.02,178,0.76,0.3,30.16,0.39,255
76,0,0,154.29,14.28,182,0.61,0.3,30.16,0.3,572
77,0,0,145.71,13.45,186,0.76,0.3,30.16,0.39,560
78,0,0,154.29,14.28,190,2.5,1.27,29.84,0.49,517
79,0,0,145.71,13.45,193,9.45,1.47,30,0.88,1023
80,0,0,154.29,14.28,197,13.25,0.59,30,1.17,479
81,0,0,154.29,14.28,201,13.72,2.64,29.84,2.05,477
82,0,0,154.29,14.28,205,13.88,3.42,29.68,2.44,461
83,0,0,154.29,14.28,209,14.2,3.03,29.84,3.42,470
84,0,0,162.86,15.02,213,14.99,7.81,29.37,5.96,566
85,0,0,154.29,14.28,217,16.57,9.77,29.21,7.81,593
86,0,0,180,16.69,222,17.99,15.82,28.58,11.43,463
87,0,0,188.57,17.44,227,18.46,12.7,28.73,9.57,488
88,0,0,197.14,18.27,232,19.25,11.33,28.89,7.72,435
89,0,0,205.71,19.01,238,19.41,1.37,29.68,2.05,473
90,0,0,214.29,19.85,243,19.73,2.83,29.37,3.91,375
91,0,0,214.29,19.85,248,25.57,0.3,29.37,5.57,513
92,0,0,214.29,19.85,254,20.36,9.87,28.73,9.77,609
93,0,0,222.86,20.59,260,11.98,0.2,30,0.39,465
94,0,0,214.29,19.85,265,5.03,0.3,29.68,0.39,505
95,0,0,205.71,19.01,270,0.76,0.3,29.84,0.39,255
96,0,0,205.71,19.01,276,0.61,0.3,30,0.49,583
97,0,0,197.14,18.27,281,0.76,0.2,30,0.39,513
98,0,0,205.71,19.01,286,0.76,0.3,30,0.39,514
99,0,0,180,16.69,291,0.76,0.2,30,0.49,442
100,0,0,197.14,18.27,296,0.61,0.3,29.84,0.39,1023
101,0,0,180,16.69,300,0.76,0.2,29.84,0.39,584
102,0,0,180,16.69,305,0.76,0.3,30.16,0.39,441
103,0,0,171.43,15.86,310,5.03,1.17,29.84,0.69,283
104,0,0,171.43,15.86,314,12.93,0.88,30,1.08,479
105,0,0,162.86,15.02,318,13.88,0.98,29.84,1.37,484
106,0,0,154.29,14.28,322,13.41,1.86,29.68,2.15,468
107,0,0,137.14,12.71,326,12.62,3.42,29.52,3.52,476
108,0,0,137.14,12.71,329,13.88,11.82,28.89,8.01,547
109,0,0,137.14,12.71,333,14.83,20.51,28.26,13.38,346
110,0,0,145.71,13.45,336,15.62,14.94,28.58,11.23,1023
111,0,0,145.71,13.45,340,15.62,13.87,28.42,10.65,501
112,0,0,154.29,14.28,344,10.56,0.3,30,0.39,485
113,0,0,145.71,13.45,348,8.35,0.98,29.68,1.47,504
114,0,0,128.57,11.87,351,11.83,1.96,29.84,2.83,438
115,0,0,128.57,11.87,355,12.62,10.65,29.05,6.94,583
116,0,0,111.43,10.29,357,12.46,12.4,28.89,6.94,609
117,0,0,120,11.13,361,12.46,13.58,28.89,7.62,483
118,0,0,128.57,11.87,364,14.35,21.1,28.26,11.92,527
119,0,0,137.14,12.71,367,13.72,10.65,29.68,5.57,493
120,0,0,137.14,12.71,371,7.08,0.3,29.84,0.39,508
121,0,0,128.57,11.87,374,1.71,0.3,30,0.39,558
122,0,0,128.57,11.87,378,0.61,0.3,29.84,0.3,530
123,0,0,137.14,12.71,381,0.76,0.2,30,0.39,441
124,0,0,128.57,11.87,384,0.76,0.39,30,0.49,256
125,0,0,120,11.13,387,0.92,0.2,30,0.39,514
126,0,0,111.43,10.29,390,0.76,0.3,30,0.39,441
127,0,0,111.43,10.29,393,0.61,0.2,29.84,0.39,255
128,0,0,111.43,10.29,396,0.76,0.3,30,0.39,578
129,0,0,111.43,10.29,399,0.76,0.3,30,0.39,525
130,0,0,111.43,10.29,402,0.76,0.3,30,0.39,543
131,0,0,111.43,10.29,405,0.76,0.2,29.84,0.39,517
132,0,0,120,11.13,408,0.76,0.2,30,0.49,1023
133,0,0,120,11.13,411,0.76,0.3,30,0.39,564
134,0,0,120,11.13,414,0.76,0.3,30,0.39,1023
135,0,0,111.43,10.29,417,0.76,0.2,29.68,0.3,558
136,0,0,120,11.13,420,0.76,0.3,30,0.39,510
137,0,0,120,11.13,423,0.76,0.2,29.84,0.39,531
138,0,0,111.43,10.29,426,6.61,1.66,29.84,0.59,293
139,0,0,111.43,10.29,429,10.4,0.49,29.84,1.17,1023
140,0,0,111.43,10.29,432,10.56,1.86,29.84,1.76,486
141,0,0,120,11.13,435,11.04,2.15,29.68,2.64,538
142,0,0,120,11.13,438,12.46,8.3,29.21,4.98,460
143,0,0,137.14,12.71,441,14.35,14.26,29.05,8.01,546
144,0,0,145.71,13.45,445,16.25,13.87,28.58,9.77,432
145,0,0,171.43,15.86,450,17.83,15.73,28.26,13.28,476
146,0,0,180,16.69,454,19.09,15.04,28.26,13.48,568
147,0,0,205.71,19.01,459,20.04,10.65,28.42,10.94,433
148,0,0,214.29,19.85,465,20.36,10.65,28.73,8.6,444
149,0,0,222.86,20.59,471,20.83,6.35,28.58,7.52,531
150,0,0,222.86,20.59,476,20.99,8.01,29.21,6.15,384
151,0,0,231.43,21.42,482,21.31,9.67,29.05,6.06,446
152,0,0,231.43,21.42,488,22.41,8.3,29.21,4.79,493
153,0,0,222.86,20.59,494,20.83,5.86,29.05,6.15,479
154,0,0,240,22.26,500,22.1,11.43,28.26,11.72,485
155,0,0,231.43,21.42,506,22.41,11.53,27.79,11.72,498
156,0,0,240,22.26,512,23.04,10.06,28.42,10.06,471
157,0,0,248.57,23,519,23.83,5.96,28.73,8.6,582
158,0,0,257.14,23.83,525,24.15,9.08,28.89,7.52,588
159,0,0,257.14,23.83,532,25.26,14.16,29.05,6.06,531
160,0,0,265.71,24.58,539,20.2,0.3,29.84,0.39,379
161,0,0,257.14,23.83,546,16.09,3.71,29.52,1.37,1023
162,0,0,248.57,23,552,21.94,1.27,29.68,2.15,457
163,0,0,248.57,23,558,21.94,2.93,29.21,2.64,390
164,0,0,257.14,23.83,565,22.41,3.32,29.52,2.15,534
165,0,0,248.57,23,571,21.62,4.1,29.37,3.23,520
166,0,0,240,22.26,578,20.99,5.47,29.52,3.81,495
167,0,0,240,22.26,584,21.46,8.4,28.89,8.21,474
168,0,0,240,22.26,590,22.73,13.87,28.26,12.6,1023
169,0,0,231.43,21.42,596,22.1,5.86,28.58,9.48,483
170,0,0,231.43,21.42,602,13.72,0.3,29.84,0.39,504
171,0,0,222.86,20.59,608,6.93,0.3,29.84,0.39,441
172,0,0,197.14,18.27,613,1.87,0.3,29.68,0.49,263
173,0,0,188.57,17.44,618,0.61,0.39,29.84,0.3,558
174,0,0,171.43,15.86,622,0.61,0.3,29.84,0.49,532
175,0,0,154.29,14.28,626,0.76,0.3,29.84,0.39,1023
176,0,0,145.71,13.45,630,0.61,0.2,29.84,0.49,576
177,0,0,137.14,12.71,633,4.08,1.37,29.84,0.59,542
178,0,0,120,11.13,636,10.24,0.69,29.68,0.98,490
179,0,0,102.86,9.46,639,9.3,2.25,29.68,1.76,1023
180,0,0,94.29,8.72,641,9.45,7.03,29.21,4.49,508
181,0,0,85.71,7.88,644,10.56,21.68,28.73,9.96,579
time, lapCount, lapTime, wRPM, speed, distance, motorVoltage, motorCurrent, batteryVoltage, batteryCurrent, accelerator
1,0,0,-8.57,0,0,0.61,0.3,29.84,0.39,515
2,0,0,0,0,0,0.61,0.2,29.84,0.49,256
3,0,0,0,0,0,0.76,0.3,29.84,0.39,515
4,0,0,0,0,0,0.45,0.3,29.84,0.3,256
5,0,0,0,0,0,0.76,0.2,30,0.39,515
6,0,0,0,0,0,0.76,0.3,30,0.39,256
7,0,0,0,0,0,0.76,0.3,29.84,0.49,515
8,0,0,0,0,0,0.76,0.3,29.84,0.3,256
9,0,0,0,0,0,0.61,0.3,29.84,0.39,515
10,0,0,0,0,0,0.76,0.3,29.84,0.39,256
11,0,0,0,0,0,0.92,0.3,30.16,0.49,515
12,0,0,0,0,0,0.76,0.2,29.84,0.39,256
13,0,0,0,0,0,0.76,0.3,29.84,0.49,515
14,0,0,0,0,0,0.76,0.3,29.84,0.49,256
15,0,0,0,0,0,0.76,0.3,29.84,0.49,515
16,0,0,0,0,0,0.76,0.3,30.16,0.39,256
17,0,0,0,0,0,0.76,0.2,30,0.39,515
18,0,0,0,0,0,0.61,0.2,29.84,0.39,256
19,0,0,0,0,0,0.61,0.3,30,0.3,515
20,0,0,0,0,0,0.76,0.3,30,0.39,255
21,0,0,0,0,0,0.76,0.3,29.84,0.39,545
22,0,0,0,0,0,0.76,0.3,30,0.39,513
23,0,0,0,0,0,0.61,0.3,30.16,0.39,513
24,0,0,0,0,0,0.76,0.3,29.52,0.39,514
25,0,0,0,0,0,0.61,0.3,29.84,0.49,442
26,0,0,0,0,0,0.76,0.3,29.84,0.39,1023
27,0,0,0,0,0,0.76,0.3,30,0.49,540
28,0,0,0,0,0,0.76,0.3,29.84,0.39,489
29,0,0,0,0,0,0.76,0.3,29.84,0.39,256
30,0,0,0,0,0,0.76,0.2,29.84,0.39,515
31,0,0,0,0,0,0.76,0.3,29.84,0.3,256
32,0,0,0,0,0,0.76,0.2,29.84,0.39,515
33,0,0,0,0,0,0.61,0.2,29.84,0.39,256
34,0,0,0,0,0,0.92,0.3,30,0.39,515
35,0,0,0,0,0,0.61,0.3,30,0.39,256
36,0,0,0,0,0,0.76,0.3,30,0.39,515
37,0,0,0,0,0,0.76,0.2,30,0.39,255
38,0,0,0,0,0,0.76,0.3,29.84,0.39,532
39,0,0,0,0,0,0.61,0.3,29.84,0.39,1023
40,0,0,0,0,0,0.76,0.3,30,0.39,526
41,0,0,0,0,0,0.76,0.3,30,0.39,485
42,0,0,0,0,0,0.76,0.3,30.16,0.49,495
43,0,0,0,0,0,0.76,0.3,30,0.39,526
44,0,0,0,0,0,0.76,0.39,29.84,0.39,487
45,0,0,0,0,0,0.76,0.3,30,0.39,513
46,0,0,0,0,0,0.76,0.3,29.84,0.39,514
47,0,0,0,0,0,0.76,0.3,30.16,0.39,441
48,0,0,0,0,0,0.76,0.2,30,0.39,256
49,0,0,0,0,0,0.76,0.3,30,0.39,515
50,0,0,0,0,0,0.76,0.3,30,0.3,256
51,0,0,0,0,0,0.76,0.3,29.84,0.49,515
52,0,0,0,0,0,0.76,0.3,30.16,0.39,256
53,0,0,0,0,0,0.76,0.3,30,0.39,514
54,0,0,0,0,0,0.76,0.39,29.84,0.49,440
55,0,0,0,0,0,0.76,0.3,30,0.49,441
56,0,0,0,0,0,0.76,0.3,29.84,0.39,256
57,0,0,0,0,0,0.76,0.3,29.52,0.39,515
58,0,0,0,0,0,0.76,0.3,24.94,0.3,256
time, lapCount, lapTime, wRPM, speed, distance, motorVoltage, motorCurrent, batteryVoltage, batteryCurrent, accelerator
1,0,0,-8.57,0,0,0.76,0.3,29.84,0.39,514
2,0,0,0,0,0,0.76,0.3,30,0.39,441
3,0,0,0,0,0,0.76,0.2,29.84,0.49,255
4,0,0,0,0,0,0.76,0.2,30,0.3,515
5,0,0,0,0,0,1.4,6.25,30,0.78,259
6,0,0,0,0,0,3.13,14.16,29.52,2.83,270
7,0,0,8.57,0.74,0,5.03,22.66,29.05,6.74,468
8,0,0,17.14,1.58,0,6.61,25.3,28.58,9.96,489
9,0,0,34.29,3.15,1,8.51,28.62,28.26,13.87,304
time, lapCount, lapTime, wRPM, speed, distance, motorVoltage, motorCurrent, batteryVoltage, batteryCurrent, accelerator
1,0,0,-8.57,0,0,0.76,0.3,29.84,0.3,516
2,0,0,0,0,0,0.76,0.2,30,0.39,1023
3,0,0,0,0,0,0.76,0.3,30,0.39,528
4,0,0,0,0,0,0.76,0.2,29.84,0.39,515
5,0,0,0,0,0,0.76,0.3,29.84,0.39,256
6,0,0,0,0,0,0.61,0.3,29.84,0.39,515
7,0,0,0,0,0,0.76,0.3,29.84,0.3,256
8,0,0,0,0,0,0.76,0.2,30,0.39,514
9,0,0,0,0,0,0.45,0.3,30,0.49,441
10,0,0,8.57,0.74,0,2.19,10.84,29.68,1.66,266
11,0,0,0,0,0,2.34,9.77,29.84,1.47,490
12,0,0,0,0,0,4.4,19.44,29.21,5.37,1023
13,0,0,17.14,1.58,0,6.61,25,28.89,8.99,526
14,0,0,34.29,3.15,1,8.03,30.28,28.42,12.7,498
time, lapCount, lapTime, wRPM, speed, distance, motorVoltage, motorCurrent, batteryVoltage, batteryCurrent, accelerator
1,0,0,-8.57,0,0,0.76,0.3,29.84,0.39,515
1,0,0,0,0,0,0.76,0.3,29.84,0.39,256
3,0,0,0,0,0,0.76,0.3,30,0.39,515
3,0,0,0,0,0,0.76,0.2,29.84,0.39,256
5,0,0,0,0,0,0.76,0.3,29.84,0.3,515
6,0,0,0,0,0,0.76,0.3,29.84,0.39,256
7,0,0,0,0,0,0.76,0.3,29.84,0.3,515
8,0,0,0,0,0,0.76,0.3,29.84,0.39,257
8,0,0,0,0,0,0.76,0.3,29.84,0.39,513
10,0,0,0,0,0,0.61,0.3,30,0.39,514
10,0,0,8.57,0.74,0,0.61,1.37,29.84,0.49,440
12,0,0,0,0,0,2.82,12.21,29.68,2.05,438
12,0,0,0,0,0,4.4,20.41,29.21,5.47,567
14,0,0,17.14,1.58,0,6.29,28.42,28.73,9.08,789
15,0,0,34.29,3.15,1,1.87,0.2,30,0.39,1023
16,0,0,8.57,0.74,1,3.92,0.98,29.84,0.59,514
17,0,0,17.14,1.58,2,4.4,18.26,29.37,4.2,437
17,0,0,17.14,1.58,2,6.14,23.44,29.05,7.81,509
19,0,0,25.71,2.32,3,7.87,29.3,28.42,12.11,554
19,0,0,51.43,4.73,4,7.56,15.73,29.05,6.06,492
21,0,0,51.43,4.73,5,6.77,3.23,29.52,1.17,537
22,0,0,51.43,4.73,7,6.61,11.04,29.52,4.1,512
23,0,0,51.43,4.73,8,8.66,14.26,29.05,7.33,587
24,0,0,68.57,6.31,10,9.45,15.82,28.89,6.94,1023
25,0,0,77.14,7.14,12,4.56,0.3,29.52,0.39,504
26,0,0,68.57,6.31,14,0.76,0.3,29.84,0.39,441
27,0,0,51.43,4.73,15,0.76,0.3,29.84,0.39,256
28,0,0,51.43,4.73,16,0.76,0.3,29.84,0.49,516
29,0,0,42.86,3.9,17,0.76,0.3,29.84,0.49,1023
30,0,0,34.29,3.15,18,0.76,0.39,29.84,0.39,529
31,0,0,34.29,3.15,19,0.76,0.3,29.68,0.39,514
32,0,0,0,0,19,0.76,0.3,29.84,0.39,440
33,0,0,0,0,19,0.76,0.2,29.84,0.3,439
34,0,0,0,0,19,0.76,0.3,29.84,0.39,514
35,0,0,0,0,19,0.92,0.2,29.84,0.39,438
36,0,0,0,0,19,0.76,0.3,29.84,0.39,515
37,0,0,0,0,19,0.92,0.3,29.84,0.39,256
38,0,0,0,0,19,0.76,0.3,29.84,0.39,515
39,0,0,0,0,19,0.76,0.2,29.84,0.39,256
40,0,0,0,0,19,0.76,0.3,29.84,0.49,515
41,0,0,0,0,19,0.76,0.2,29.84,0.39,256
42,0,0,0,0,19,0.76,0.3,30,0.39,515
43,0,0,0,0,19,0.92,0.3,29.68,0.39,257
44,0,0,0,0,19,0.76,0.3,29.84,0.39,513
45,0,0,0,0,19,0.76,0.3,29.84,0.39,514
46,0,0,0,0,19,0.76,0.3,29.84,0.39,441
47,0,0,0,0,19,0.76,0.3,29.84,0.49,257
48,0,0,0,0,19,0.76,0.2,30,0.3,514
49,0,0,0,0,19,0.76,0.3,29.84,0.39,440
50,0,0,0,0,19,0.76,0.3,30,0.39,442
51,0,0,0,0,19,0.76,0.2,29.84,0.3,1023
52,0,0,0,0,19,0.76,0.3,29.84,0.49,504
53,0,0,0,0,19,0.76,0.1,29.68,0.39,440
54,0,0,0,0,19,0.76,0.3,29.84,0.39,440
55,0,0,0,0,19,0.76,0.3,29.68,0.39,440
56,0,0,0,0,19,0.76,0.3,29.68,0.39,441
57,0,0,0,0,19,0.76,0.3,29.84,0.49,256
58,0,0,0,0,19,0.76,0.2,29.84,0.39,515
59,0,0,0,0,19,0.76,0.3,30,0.39,256
60,0,0,0,0,19,0.76,0.3,30,0.39,515
61,0,0,0,0,19,0.76,0.3,29.84,0.39,256
62,0,0,0,0,19,0.76,0.3,30,0.49,514
63,0,0,0,0,19,0.76,0.2,30,0.39,440
64,0,0,0,0,19,0.76,0.2,29.84,0.39,440
65,0,0,0,0,19,0.76,0.2,29.84,0.49,439
66,0,0,0,0,19,0.76,0.39,29.84,0.39,513
67,0,0,0,0,19,0.76,0.3,29.84,0.39,513
68,0,0,0,0,19,0.76,0.3,29.84,0.49,513
69,0,0,0,0,19,0.92,0.3,29.84,0.39,514
70,0,0,0,0,19,0.76,0.3,29.84,0.39,440
71,0,0,0,0,19,0.76,0.3,29.68,0.39,441
72,0,0,0,0,19,0.76,0.3,29.84,0.39,256
73,0,0,0,0,19,0.92,0.3,30,0.3,515
74,0,0,0,0,19,0.76,0.3,30,0.3,256
75,0,0,0,0,19,0.76,0.3,29.84,0.39,516
76,0,0,0,0,19,0.76,0.3,30,0.39,1023
77,0,0,0,0,19,0.76,0.3,29.84,0.3,501
78,0,0,0,0,19,0.76,0.3,29.84,0.3,491
79,0,0,0,0,19,0.76,0.3,30,0.3,1023
80,0,0,0,0,19,0.76,0.3,30,0.39,501
81,0,0,0,0,19,0.92,0.3,29.84,0.49,492
82,0,0,0,0,19,0.76,0.3,30,0.49,525
83,0,0,0,0,19,0.76,0.3,29.84,0.39,481
84,0,0,0,0,19,0.76,0.2,30,0.39,470
85,0,0,0,0,19,0.76,0.3,30,0.39,515
86,0,0,0,0,19,0.92,0.39,29.84,0.39,256
87,0,0,0,0,19,0.76,0.3,30,0.39,516
88,0,0,0,0,19,0.76,0.3,29.84,0.39,1023
89,0,0,0,0,19,0.61,0.3,29.84,0.39,498
90,0,0,0,0,19,0.76,0.2,30,0.39,468
91,0,0,0,0,19,0.76,0.2,29.84,0.39,473
92,0,0,0,0,19,0.76,0.2,29.84,0.39,256
93,0,0,0,0,19,0.76,0.3,29.84,0.39,515
94,0,0,0,0,19,0.92,0.3,30,0.39,256
95,0,0,0,0,19,0.76,0.3,30.16,0.39,514
96,0,0,0,0,19,0.76,0.3,30,0.39,440
97,0,0,0,0,19,0.76,0.3,29.84,0.39,440
98,0,0,0,0,19,0.76,0.39,29.84,0.39,441
99,0,0,0,0,19,0.76,0.2,29.84,0.39,256
100,0,0,0,0,19,0.92,0.3,30,0.39,515
101,0,0,0,0,19,0.76,0.3,29.84,0.39,256
102,0,0,0,0,19,0.76,0.2,29.68,0.39,515
103,0,0,0,0,19,0.76,0.3,30,0.39,256
104,0,0,0,0,19,0.76,0.2,30,0.39,515
105,0,0,0,0,19,0.76,0.3,29.84,0.39,256
106,0,0,0,0,19,0.76,0.3,30,0.49,515
107,0,0,0,0,19,0.76,0.2,29.84,0.3,256
108,0,0,0,0,19,0.76,0.3,30.16,0.49,515
109,0,0,0,0,19,0.76,0.39,29.84,0.39,256
110,0,0,0,0,19,0.92,0.3,29.68,0.39,515
111,0,0,0,0,19,0.76,0.3,30,0.49,256
112,0,0,0,0,19,0.76,0.3,29.84,0.39,516
113,0,0,0,0,19,0.76,0.3,30,0.39,1023
114,0,0,0,0,19,0.76,0.3,29.68,0.49,492
115,0,0,0,0,19,0.76,0.3,30,0.39,517
116,0,0,0,0,19,0.76,0.3,29.84,0.39,1023
117,0,0,0,0,19,0.76,0.3,30.16,0.39,492
118,0,0,0,0,19,0.76,0.3,29.68,0.39,517
119,0,0,0,0,19,0.76,0.3,29.84,0.3,1023
120,0,0,0,0,19,0.76,0.3,29.84,0.39,492
121,0,0,0,0,19,0.76,0.3,30,0.39,515
122,0,0,0,0,19,0.76,0.3,30,0.39,257
123,0,0,0,0,19,0.76,0.3,29.84,0.39,514
124,0,0,0,0,19,0.76,0.2,30,0.49,440
125,0,0,0,0,19,0.76,0.3,29.84,0.49,441
126,0,0,0,0,19,0.92,0.3,30,0.39,256
127,0,0,0,0,19,0.76,0.3,29.68,0.49,515
128,0,0,0,0,19,0.76,0.3,29.68,0.39,256
129,0,0,0,0,19,0.76,0.3,30,0.49,515
130,0,0,0,0,19,0.76,0.3,30,0.39,256
131,0,0,0,0,19,0.76,0.3,30,0.39,515
132,0,0,0,0,19,0.76,0.3,30.16,0.49,256
133,0,0,0,0,19,0.92,0.2,30,0.39,515
134,0,0,0,0,19,0.92,0.3,29.84,0.39,256
135,0,0,0,0,19,0.76,0.2,30,0.39,514
136,0,0,0,0,19,0.76,0.3,29.84,0.39,441
137,0,0,0,0,19,0.92,0.3,30,0.3,256
138,0,0,0,0,19,0.76,0.3,30,0.3,514
139,0,0,0,0,19,0.76,0.3,29.68,0.49,441
140,0,0,0,0,19,0.76,0.3,29.84,0.39,257
141,0,0,0,0,19,0.76,0.3,29.84,0.39,514
142,0,0,0,0,19,0.76,0.3,30,0.39,441
143,0,0,0,0,19,0.76,0.3,29.84,0.39,256
144,0,0,0,0,19,0.76,0.3,29.68,0.49,515
145,0,0,0,0,19,0.76,0.3,30,0.39,257
146,0,0,0,0,19,0.76,0.3,30,0.39,514
147,0,0,0,0,19,1.24,1.08,29.84,0.49,440
148,0,0,8.57,0.74,19,3.29,11.14,29.68,2.35,439
149,0,0,17.14,1.58,20,5.19,16.21,29.52,4.89,703
150,0,0,25.71,2.32,20,7.24,19.44,29.21,7.81,483
151,0,0,51.43,4.73,22,9.14,21.39,28.73,10.26,487
152,0,0,77.14,7.14,24,11.51,19.92,28.42,12.01,716
153,0,0,102.86,9.46,26,10.09,0.49,29.68,0.78,486
154,0,0,111.43,10.29,29,4.24,0.3,29.84,0.39,515
155,0,0,120,11.13,32,0.76,0.3,29.84,0.39,256
156,0,0,120,11.13,35,0.76,0.3,29.84,0.39,515
157,0,0,137.14,12.71,39,0.76,0.3,30,0.39,256
158,0,0,137.14,12.71,43,0.76,0.3,29.84,0.49,515
159,0,0,145.71,13.45,46,0.76,0.3,30,0.39,257
160,0,0,162.86,15.02,51,6.61,0.39,30,0.69,515
161,0,0,180,16.69,55,14.51,0.59,29.84,0.98,342
162,0,0,188.57,17.44,60,16.88,2.15,29.68,1.08,523
163,0,0,205.71,19.01,65,18.3,1.96,29.84,1.47,416
164,0,0,214.29,19.85,71,19.25,0.78,30,1.76,421
165,0,0,222.86,20.59,77,13.41,0.3,29.84,0.3,466
166,0,0,214.29,19.85,82,7.24,0.3,29.84,0.49,445
167,0,0,231.43,21.42,88,4.08,1.08,30,0.59,475
168,0,0,222.86,20.59,94,11.35,2.05,29.37,0.88,1023
169,0,0,231.43,21.42,100,17.51,0.49,29.52,0.98,446
170,0,0,231.43,21.42,106,19.57,0.59,30.31,1.17,458
171,0,0,222.86,20.59,111,19.73,2.54,29.84,1.47,1023
172,0,0,222.86,20.59,117,19.09,2.74,29.52,2.05,452
173,0,0,222.86,20.59,123,18.78,1.27,29.52,2.44,441
174,0,0,205.71,19.01,128,18.3,3.71,29.52,2.54,367
175,0,0,205.71,19.01,134,14.83,0.3,29.84,0.39,460
176,0,0,197.14,18.27,139,8.51,0.3,29.68,0.39,492
177,0,0,197.14,18.27,144,2.98,0.3,29.68,0.39,507
178,0,0,188.57,17.44,149,0.76,0.3,29.84,0.39,1023
179,0,0,188.57,17.44,153,0.92,0.3,29.84,0.49,515
180,0,0,180,16.69,158,0.76,0.2,29.84,0.49,255
181,0,0,180,16.69,163,0.76,0.3,29.84,0.39,512
182,0,0,171.43,15.86,167,0.92,0.3,29.84,0.3,515
183,0,0,171.43,15.86,172,2.66,1.27,29.84,0.59,269
184,0,0,162.86,15.02,176,9.93,1.27,30,0.88,462
185,0,0,154.29,14.28,180,13.56,1.37,29.84,1.17,487
186,0,0,154.29,14.28,184,13.41,0.88,29.37,1.76,531
187,0,0,145.71,13.45,187,13.25,2.25,29.68,2.54,337
188,0,0,137.14,12.71,191,13.72,3.91,29.21,4.1,446
189,0,0,145.71,13.45,195,14.99,9.96,29.05,8.6,515
190,0,0,154.29,14.28,199,16.41,15.24,28.42,12.11,356
time, lapCount, lapTime, wRPM, speed, distance, motorVoltage, motorCurrent, batteryVoltage, batteryCurrent, accelerator
1,0,0,-8.57,0,1,0.76,0.39,29.84,0.49,515
2,0,0,85.71,7.88,3,6.61,0.39,29.84,0.69,292
3,0,0,68.57,6.31,5,6.29,0.88,29.68,1.27,1023
4,0,0,60,5.56,6,5.19,1.37,29.84,0.69,503
5,0,0,51.43,4.73,8,5.35,6.35,29.68,1.76,575
6,0,0,34.29,3.15,9,6.77,16.51,29.37,5.96,502
7,0,0,51.43,4.73,10,8.35,22.85,28.73,9.38,607
8,0,0,60,5.56,11,10.24,23.44,28.42,13.38,509
time, lapCount, lapTime, wRPM, speed, distance, motorVoltage, motorCurrent, batteryVoltage, batteryCurrent, accelerator
1,0,0,-8.57,0,0,0.76,0.3,29.84,0.39,515
2,0,0,0,0,0,0.76,0.3,29.84,0.39,256
3,0,0,0,0,0,0.92,0.2,29.84,0.39,515
4,0,0,0,0,0,0.92,0.2,29.84,0.39,256
5,0,0,0,0,0,0.76,0.3,29.84,0.39,515
6,0,0,0,0,0,0.92,0.3,30,0.39,256
7,0,0,0,0,0,0.76,0.3,29.84,0.49,514
8,0,0,0,0,0,0.76,0.3,30,0.3,440
9,0,0,0,0,0,0.92,0.3,29.84,0.39,440
10,0,0,0,0,0,0.76,0.3,29.84,0.39,440
11,0,0,0,0,0,0.92,0.3,29.84,0.39,441
12,0,0,0,0,0,0.76,0.3,29.84,0.39,256
13,0,0,0,0,0,0.76,0.39,29.84,0.39,516
14,0,0,0,0,0,0.76,0.3,29.84,0.39,1023
15,0,0,0,0,0,0.61,0.3,29.84,0.39,500
16,0,0,0,0,0,1.4,4.59,30,1.27,466
17,0,0,0,0,0,2.82,15.24,29.52,2.74,471
18,0,0,8.57,0.74,0,5.03,23.64,29.21,5.96,739
19,0,0,25.71,2.32,0,6.77,27.64,28.89,9.96,493
20,0,0,34.29,3.15,1,3.61,0.3,29.68,0.59,474
21,0,0,25.71,2.32,2,5.35,11.62,29.37,3.71,1023
22,0,0,34.29,3.15,3,5.35,10.45,29.52,3.62,493
23,0,0,25.71,2.32,3,5.82,15.04,29.37,4.3,498
24,0,0,42.86,3.9,5,5.19,12.89,29.37,3.91,460
25,0,0,42.86,3.9,6,4.71,4.89,29.68,1.17,516
26,0,0,34.29,3.15,7,6.45,13.19,29.37,4.69,1023
27,0,0,42.86,3.9,8,7.87,16.8,29.21,5.86,493
28,0,0,51.43,4.73,9,7.4,13.97,29.37,5.28,498
29,0,0,60,5.56,11,7.56,12.21,29.37,5.18,466
30,0,0,60,5.56,12,7.56,13.28,29.21,5.18,479
31,0,0,60,5.56,14,7.72,11.53,29.21,4.79,490
32,0,0,60,5.56,15,7.72,13.67,29.21,4.98,1023
33,0,0,60,5.56,17,7.72,11.14,29.37,4.89,502
34,0,0,60,5.56,18,7.87,10.35,29.21,4.69,560
35,0,0,60,5.56,20,7.87,9.08,29.37,4.49,557
36,0,0,60,5.56,21,8.03,11.62,29.21,4.3,472
37,0,0,68.57,6.31,23,8.03,13.19,29.05,4.2,436
38,0,0,68.57,6.31,25,7.72,12.99,29.21,4.2,471
39,0,0,68.57,6.31,27,8.03,8.11,29.37,4.4,620
40,0,0,60,5.56,28,7.87,11.82,29.21,4.3,523
41,0,0,60,5.56,30,8.66,17.19,29.05,6.64,467
42,0,0,77.14,7.14,32,8.66,15.33,28.89,6.25,485
43,0,0,68.57,6.31,34,8.82,13.67,29.05,6.15,504
44,0,0,68.57,6.31,35,8.98,15.73,29.05,6.15,435
45,0,0,68.57,6.31,37,8.98,12.11,28.89,5.67,486
46,0,0,77.14,7.14,39,8.98,12.6,29.05,5.96,569
47,0,0,68.57,6.31,41,8.82,16.31,29.05,6.35,307
48,0,0,77.14,7.14,43,8.98,10.74,29.05,6.06,307
49,0,0,68.57,6.31,45,9.14,11.23,29.05,6.15,307
50,0,0,77.14,7.14,47,8.98,15.63,29.05,5.76,309
51,0,0,77.14,7.14,49,9.93,13.58,29.21,5.08,1023
52,0,0,85.71,7.88,51,9.14,9.87,29.05,5.18,483
53,0,0,77.14,7.14,53,9.45,10.45,29.05,5.18,487
54,0,0,77.14,7.14,55,9.45,13.19,29.05,5.86,650
55,0,0,85.71,7.88,57,10.09,17.09,29.68,6.64,1023
56,0,0,85.71,7.88,59,10.4,12.4,28.89,6.45,501
57,0,0,94.29,8.72,62,10.4,10.65,28.89,6.25,501
58,0,0,94.29,8.72,64,10.24,12.4,29.05,6.06,509
59,0,0,94.29,8.72,66,10.24,11.72,28.89,6.25,498
60,0,0,94.29,8.72,69,10.56,13.58,28.89,6.55,472
61,0,0,94.29,8.72,71,10.4,14.06,29.05,6.25,434
62,0,0,102.86,9.46,74,10.56,11.82,29.05,6.06,474
63,0,0,85.71,7.88,76,10.4,11.33,28.89,5.86,1023
64,0,0,94.29,8.72,79,10.24,14.06,29.05,6.45,498
65,0,0,85.71,7.88,81,10.09,15.14,29.05,6.25,478
66,0,0,94.29,8.72,83,10.24,10.94,28.89,6.64,525
67,0,0,85.71,7.88,85,10.24,11.53,28.89,6.74,491
68,0,0,94.29,8.72,88,10.24,11.33,28.89,6.94,1023
69,0,0,85.71,7.88,90,10.24,16.99,28.73,7.33,505
70,0,0,77.14,7.14,92,10.09,14.85,28.73,7.52,315
71,0,0,77.14,7.14,94,10.09,16.7,28.58,7.81,1023
72,0,0,85.71,7.88,96,8.19,8.01,29.21,2.93,491
73,0,0,77.14,7.14,98,8.98,12.31,28.89,6.55,1023
74,0,0,77.14,7.14,100,10.56,23.34,28.1,12.01,525
75,0,0,68.57,6.31,102,11.35,24.22,27.94,13.67,509
76,0,0,85.71,7.88,104,11.51,22.95,28.1,11.92,537
77,0,0,94.29,8.72,107,11.51,21.39,28.42,11.53,537
78,0,0,102.86,9.46,109,11.67,17.78,28.58,8.5,515
79,0,0,94.29,8.72,112,10.72,10.16,28.89,5.96,320
80,0,0,94.29,8.72,114,11.98,17.97,28.26,10.94,498
81,0,0,102.86,9.46,117,13.56,25.2,27.79,16.51,506
82,0,0,111.43,10.29,120,14.51,16.31,28.1,13.97,1023
83,0,0,111.43,10.29,122,6.45,0.3,29.52,0.39,503
84,0,0,102.86,9.46,125,2.03,0.39,29.37,0.3,514
85,0,0,77.14,7.14,127,5.66,0.69,29.52,0.69,438
86,0,0,60,5.56,129,6.14,2.15,29.37,1.37,524
87,0,0,60,5.56,130,7.08,16.51,29.05,4.89,476
88,0,0,51.43,4.73,132,8.82,20.31,28.58,9.87,562
89,0,0,68.57,6.31,133,10.56,29.79,27.79,14.65,428
time, lapCount, lapTime, wRPM, speed, distance, motorVoltage, motorCurrent, batteryVoltage, batteryCurrent, accelerator
1,0,0,-8.57,0,0,0.92,0.3,29.52,0.39,515
2,1,0,0,0,0,0.76,0.3,29.37,0.39,256
3,1,0,0,0,0,0.76,0.39,29.68,0.39,515
4,1,0,0,0,0,0.76,0.3,29.68,0.49,256
5,1,0,0,0,0,0.76,0.3,29.68,0.39,515
6,1,0,0,0,0,0.61,0.39,29.52,0.39,255
7,1,0,8.57,0.74,0,1.71,6.25,29.52,0.69,504
8,1,0,0,0,0,3.45,16.7,29.21,3.52,436
9,1,0,0,0,0,0.76,0.3,29.68,0.39,464
10,1,0,0,0,0,0.76,0.3,29.68,0.39,486
11,1,0,0,0,0,0.76,0.3,29.52,0.39,515
12,1,0,0,0,0,0.76,0.3,29.84,0.49,256
13,1,0,0,0,0,0.76,0.3,29.68,0.39,516
14,1,0,0,0,0,0.61,0.3,29.68,0.39,1023
15,1,0,0,0,0,2.66,12.11,29.68,1.76,486
16,1,0,0,0,0,4.24,20.22,29.05,4.89,562
17,1,0,8.57,0.74,0,0.76,0.3,29.37,0.49,438
18,1,0,0,0,0,3.77,15.53,29.21,3.71,547
19,1,0,8.57,0.74,0,5.35,23.73,28.73,7.81,285
20,1,0,17.14,1.58,1,7.24,32.13,28.42,11.82,497
time, lapCount, lapTime, wRPM, speed, distance, motorVoltage, motorCurrent, batteryVoltage, batteryCurrent, accelerator
1,0,0,-8.57,0,0,0.76,0.3,29.52,0.39,515
2,0,0,0,0,0,0.76,0.3,29.52,0.39,256
3,0,0,0,0,0,0.92,0.3,29.52,0.39,514
4,0,0,0,0,0,0.76,0.39,29.68,0.39,438
5,0,0,0,0,0,0.76,0.3,29.68,0.39,515
6,0,0,0,0,0,0.76,0.3,29.68,0.49,256
7,0,0,0,0,0,0.61,0.39,29.84,0.39,515
8,0,0,0,0,0,0.76,0.3,29.52,0.49,257
9,0,0,0,0,0,0.92,0.3,29.68,0.39,514
10,0,0,0,0,0,0.76,0.2,29.52,0.39,439
11,0,0,0,0,0,0.76,0.3,29.37,0.39,514
12,0,0,0,0,0,0.76,0.39,29.68,0.39,439
13,0,0,0,0,0,0.92,0.3,29.68,0.39,514
14,0,0,0,0,0,0.76,0.3,29.52,0.39,439
15,0,0,0,0,0,0.76,0.2,29.68,0.39,514
16,0,0,0,0,0,0.76,0.3,29.68,0.3,438
17,0,0,0,0,0,0.92,0.3,29.52,0.39,515
18,0,0,0,0,0,0.76,0.3,29.68,0.39,256
19,0,0,0,0,0,0.76,0.3,29.68,0.39,514
20,0,0,0,0,0,0.76,0.3,29.68,0.3,439
21,0,0,0,0,0,0.76,0.3,29.37,0.3,515
22,0,0,0,0,0,0.92,0.2,29.68,0.3,257
23,0,0,0,0,0,0.76,0.3,29.68,0.39,514
24,0,0,0,0,0,0.92,0.2,29.68,0.39,439
25,0,0,0,0,0,0.76,0.3,29.52,0.49,513
26,0,0,0,0,0,0.76,0.3,29.68,0.39,514
27,0,0,0,0,0,0.76,0.3,29.84,0.39,439
28,0,0,0,0,0,0.76,0.2,29.68,0.39,514
29,0,0,0,0,0,0.76,0.3,29.52,0.39,439
30,0,0,0,0,0,0.76,0.2,29.68,0.39,514
31,0,0,0,0,0,0.76,0.3,29.52,0.49,439
32,0,0,0,0,0,0.76,0.3,29.68,0.39,513
33,0,0,0,0,0,0.76,0.3,29.68,0.49,514
34,0,0,0,0,0,0.76,0.3,29.68,0.39,438
35,0,0,0,0,0,0.76,0.2,29.52,0.39,516
36,0,0,0,0,0,0.76,0.3,29.68,0.39,1023
37,0,0,0,0,0,0.76,0.3,29.68,0.39,482
38,0,0,0,0,0,0.92,0.3,29.84,0.39,453
39,0,0,0,0,0,0.76,0.3,29.52,0.39,484
40,0,0,0,0,0,0.76,0.3,29.37,0.39,458
41,0,0,0,0,0,0.92,0.3,29.68,0.39,1023
42,0,0,0,0,0,0.76,0.3,29.52,0.49,483
43,0,0,0,0,0,0.76,0.3,29.68,0.39,465
44,0,0,0,0,0,0.76,0.39,29.68,0.49,458
45,0,0,0,0,0,0.76,0.3,29.52,0.39,1023
46,0,0,0,0,0,0.76,0.3,29.68,0.49,485
47,0,0,0,0,0,0.76,0.3,29.52,0.39,484
48,0,0,0,0,0,0.92,0.3,29.68,0.39,459
49,0,0,0,0,0,0.76,0.3,29.84,0.39,1023
50,0,0,0,0,0,0.76,0.3,29.68,0.39,485
51,0,0,0,0,0,0.76,0.3,29.84,0.49,486
52,0,0,0,0,0,0.76,0.3,29.68,0.39,515
53,0,0,0,0,0,0.76,0.3,29.68,0.59,256
54,0,0,0,0,0,0.76,0.3,30,0.39,514
55,0,0,0,0,0,0.92,0.2,29.68,0.39,439
56,0,0,0,0,0,0.61,0.3,29.68,0.39,513
57,0,0,0,0,0,0.76,0.3,29.84,0.39,514
58,0,0,0,0,0,0.76,0.3,29.68,0.49,440
59,0,0,0,0,0,0.76,0.3,29.68,0.49,439
60,0,0,0,0,0,0.76,0.3,29.68,0.39,515
61,0,0,0,0,0,0.76,0.2,29.68,0.39,257
62,0,0,0,0,0,0.76,0.2,29.68,0.39,514
63,0,0,0,0,0,0.76,0.3,29.68,0.39,439
64,0,0,0,0,0,0.76,0.3,29.68,0.49,514
65,0,0,0,0,0,0.76,0.3,29.68,0.39,440
66,0,0,0,0,0,0.76,0.2,29.68,0.39,438
67,0,0,0,0,0,0.76,0.3,29.52,0.49,516
68,0,0,0,0,0,0.76,0.3,29.68,0.49,1023
69,0,0,0,0,0,0.76,0.3,29.68,0.39,479
70,0,0,0,0,0,0.92,0.39,25.41,0.2,481
time, lapCount, lapTime, wRPM, speed, distance, motorVoltage, motorCurrent, batteryVoltage, batteryCurrent, accelerator
1,0,0,-8.57,0,0,0.76,0.3,29.68,0.39,514
2,0,0,0,0,0,0.76,0.2,29.68,0.3,439
3,0,0,0,0,0,0.76,0.2,29.68,0.39,514
4,0,0,0,0,0,0.76,0.2,29.68,0.49,439
5,0,0,0,0,0,0.76,0.3,29.68,0.49,513
6,0,0,0,0,0,0.92,0.3,29.68,0.3,514
7,0,0,0,0,0,0.76,0.3,29.68,0.39,439
8,0,0,0,0,0,0.76,0.3,29.84,0.39,514
9,0,0,0,0,0,0.76,0.3,29.68,0.49,439
10,0,0,0,0,0,0.76,0.3,29.68,0.39,514
11,0,0,0,0,0,0.76,0.3,29.68,0.39,440
12,0,0,0,0,0,0.76,0.2,29.52,0.39,439
13,0,0,0,0,0,0.92,0.3,29.68,0.39,515
14,0,0,0,0,0,0.92,0.3,29.68,0.39,256
15,0,0,0,0,0,0.76,0.3,29.68,0.39,515
16,0,0,0,0,0,0.76,0.3,29.84,0.39,256
17,0,0,0,0,0,0.61,0.3,29.84,0.3,514
18,0,0,0,0,0,0.76,0.3,29.68,0.39,438
19,0,0,0,0,0,0.76,0.2,29.68,0.39,515
20,0,0,0,0,0,0.76,0.3,29.84,0.39,256
21,0,0,0,0,0,0.76,0.3,29.84,0.49,515
22,0,0,0,0,0,0.92,0.2,29.68,0.39,256
23,0,0,0,0,0,0.76,0.3,29.84,0.39,517
24,0,0,0,0,0,0.92,0.2,29.68,0.39,1023
25,0,0,0,0,0,0.76,0.3,29.68,0.39,481
26,0,0,0,0,0,0.76,0.2,29.52,0.39,460
27,0,0,0,0,0,0.76,0.3,29.68,0.39,514
28,0,0,0,0,0,0.76,0.3,29.68,0.39,439
29,0,0,0,0,0,0.76,0.3,29.37,0.49,513
30,0,0,0,0,0,0.76,0.2,29.84,0.39,514
31,0,0,0,0,0,0.76,0.3,29.84,0.3,439
32,0,0,0,0,0,0.76,0.3,29.52,0.39,514
33,0,0,0,0,0,0.92,0.39,29.68,0.49,440
34,0,0,0,0,0,0.76,0.3,29.68,0.39,439
35,0,0,0,0,0,0.92,0.3,29.68,0.59,513
36,0,0,0,0,0,0.76,0.3,29.68,0.39,514
37,0,0,0,0,0,0.76,0.3,29.68,0.39,439
38,0,0,0,0,0,0.76,0.3,29.68,0.39,513
39,0,0,0,0,0,0.76,0.3,29.68,0.49,514
40,0,0,0,0,0,0.76,0.39,29.68,0.49,439
41,0,0,0,0,0,0.76,0.2,29.68,0.39,514
42,0,0,0,0,0,0.76,0.3,29.84,0.49,440
43,0,0,0,0,0,0.92,0.3,29.68,0.39,439
44,0,0,0,0,0,0.76,0.3,29.68,0.39,513
45,0,0,0,0,0,0.76,0.3,29.68,0.49,514
46,0,0,0,0,0,0.76,0.3,29.68,0.49,439
47,0,0,0,0,0,0.92,0.3,29.68,0.39,514
48,0,0,0,0,0,0.76,0.3,29.68,0.39,440
49,0,0,0,0,0,0.61,0.3,29.68,0.39,439
50,0,0,0,0,0,0.76,0.3,29.68,0.39,514
51,0,0,0,0,0,0.76,0.3,29.68,0.39,439
52,0,0,0,0,0,0.76,0.3,29.68,0.3,514
53,0,0,0,0,0,0.76,0.3,29.68,0.49,439
54,0,0,0,0,0,0.76,0.3,29.84,0.39,515
55,0,0,0,0,0,0.76,0.3,29.84,0.39,256
56,0,0,0,0,0,0.92,0.3,29.68,0.39,515
57,0,0,0,0,0,0.76,0.3,29.68,0.49,256
58,0,0,0,0,0,0.76,0.3,29.68,0.49,515
59,0,0,0,0,0,0.76,0.3,29.84,0.39,256
60,0,0,0,0,0,0.76,0.3,29.68,0.39,515
61,0,0,0,0,0,0.76,0.3,29.68,0.49,256
62,0,0,0,0,0,0.76,0.3,29.52,0.39,516
63,0,0,0,0,0,0.76,0.3,29.68,0.49,1023
64,0,0,0,0,0,0.61,0.2,29.84,0.39,481
65,0,0,0,0,0,0.76,0.3,29.68,0.49,457
66,0,0,0,0,0,0.92,0.3,29.84,0.49,257
